{"cameraMode":{"drawMode":0,"name":"Shaded","section":"Shading Mode"},"sceneLighting":true,"audioPlay":false,"sceneViewState":{"showFog":true,"showMaterialUpdate":true,"showSkybox":true,"showFlares":true,"showImageEffects":true,"showParticleSystems":true},"in2DMode":false,"pivot":{"x":429.0821838378906,"y":302.61932373046877,"z":27.967575073242189},"rotation":{"x":-0.2670258581638336,"y":0.16102755069732667,"z":-0.045277778059244159,"w":-0.9491049647331238},"size":886.8833618164063,"orthographic":false}